Dataset,Best_Model,R2,RMSE
Kazakhstan,Elastic Net,0.11952628261799814,0.7856281005549662
Foreign,Ridge Regression,0.8679488533924328,0.42676117628193605
