Model,Dataset,Train_R2,Test_R2,Train_RMSE,Test_RMSE,Train_MAE,Test_MAE,CV_R2_Mean,CV_R2_Std
Linear Regression,Kazakhstan,0.20152848844011473,0.06098295434081202,0.6078722110903676,0.8113262895014444,0.4088876136395992,0.5167928129677875,-0.7051050310393076,0.793265833431458
Ridge Regression,Kazakhstan,0.2006530453025046,0.08122767587885993,0.6082053549556989,0.8025327477396992,0.40785840640546595,0.5104838851856092,-0.6164925367856764,0.6429887279250697
Lasso Regression,Kazakhstan,0.06548592708224454,0.049765435750370735,0.6576207379148088,0.8161579635026965,0.44049822320128457,0.5369696224031647,-0.08766881723374557,0.07430603602170129
Elastic Net,Kazakhstan,0.1317062655108192,0.11952628261799814,0.6338929341291636,0.7856281005549662,0.4258316079335131,0.5131159476678587,-0.13224392960070347,0.08186337622611263
Linear Regression,Foreign,0.843165668488483,0.8679463766495575,0.45391776816879265,0.4267651784158585,0.34290526496700396,0.3414781134247502,0.82921928529894,0.02356779722471314
Ridge Regression,Foreign,0.843164102295805,0.8679488533924328,0.45392003463973446,0.42676117628193605,0.3430285101723242,0.3415417810155877,0.8292954849650066,0.023479463601435605
Lasso Regression,Foreign,0.8256392660764,0.8505569665413704,0.4786091076646942,0.4539956090351474,0.3720108387630995,0.35455613202166364,0.8224339014905707,0.02168735576051858
Elastic Net,Foreign,0.8313096471362782,0.8500711033342703,0.4707623670652267,0.45473301633792496,0.36307644900169606,0.3586190634979747,0.8262945849241913,0.021765859990459203
