Metric,Kazakhstan,Foreign,Difference,Pct_Diff
Sample Size,121.0,649.0,528.0,436.3636363636363
Mean GPA,3.102809917355372,1.765146379044684,-1.3376635383106878,-43.11135950766919
Median GPA,3.2,2.0,-1.2000000000000002,-37.50000000000001
Std Dev GPA,0.718536966273014,1.154682236159833,0.436145269886819,60.69907191401229
Min GPA,0.0,0.0,0.0,
Max GPA,4.0,4.0,0.0,0.0
Skewness,-2.2471923998055576,0.04301936849665159,2.290211768302209,-101.9143607151917
Kurtosis,7.103977665247619,-1.0634000690413343,-8.167377734288953,-114.96907956571212
